md_MAIN_003	extracted/retail/MAIN.CD.dir/FILE_003.dir/1.1	0x800CEDF8	0xD8
md_SC03_073	extracted/retail/SC03.CD.dir/FILE_073.dir/2.1	0x801EF468	0x14
md_SC03_074	extracted/retail/SC03.CD.dir/FILE_074.dir/2.1	0x801EF468	0x14
md_SC03_075	extracted/retail/SC03.CD.dir/FILE_075.dir/2.1	0x801EF468	0x14
md_SC03_076	extracted/retail/SC03.CD.dir/FILE_076.dir/2.1	0x801EF468	0x27C
md_SC03_077	extracted/retail/SC03.CD.dir/FILE_077.dir/2.1	0x801EF468	0x28
md_SC03_078	extracted/retail/SC03.CD.dir/FILE_078.dir/2.1	0x801EF468	0x14
md_SC03_079	extracted/retail/SC03.CD.dir/FILE_079.dir/2.1	0x801EF468	0x24
md_SC03_132	extracted/retail/SC03.CD.dir/FILE_132.dir/2.1	0x801E25E8	0xC
md_SC03_133	extracted/retail/SC03.CD.dir/FILE_133.dir/2.1	0x801E25E8	0x14
md_SC03_134	extracted/retail/SC03.CD.dir/FILE_134.dir/2.1	0x801E25E8	0x14
md_SC03_135	extracted/retail/SC03.CD.dir/FILE_135.dir/2.1	0x801E25E8	0x27C
md_SC03_136	extracted/retail/SC03.CD.dir/FILE_136.dir/2.1	0x801E25E8	0x28
md_SC03_137	extracted/retail/SC03.CD.dir/FILE_137.dir/2.1	0x801E25E8	0x14
md_SC03_138	extracted/retail/SC03.CD.dir/FILE_138.dir/2.1	0x801E25E8	0x14
md_SC04_024	extracted/retail/SC04.CD.dir/FILE_024.dir/2.1	0x801E7B28	0xC
md_SC04_025	extracted/retail/SC04.CD.dir/FILE_025.dir/2.1	0x801E7B28	0x14
md_SC04_026	extracted/retail/SC04.CD.dir/FILE_026.dir/2.1	0x801E7B28	0x14
md_SC04_027	extracted/retail/SC04.CD.dir/FILE_027.dir/2.1	0x801E7B28	0x27C
md_SC04_028	extracted/retail/SC04.CD.dir/FILE_028.dir/2.1	0x801E7B28	0x28
md_SC04_029	extracted/retail/SC04.CD.dir/FILE_029.dir/2.1	0x801E7B28	0x14
md_SC04_030	extracted/retail/SC04.CD.dir/FILE_030.dir/2.1	0x801E7B28	0x14
md_SC05_023	extracted/retail/SC05.CD.dir/FILE_023.dir/2.1	0x801ED988	0x14
md_SC05_024	extracted/retail/SC05.CD.dir/FILE_024.dir/2.1	0x801ED988	0x14
md_SC05_025	extracted/retail/SC05.CD.dir/FILE_025.dir/2.1	0x801ED988	0x14
md_SC05_026	extracted/retail/SC05.CD.dir/FILE_026.dir/2.1	0x801ED988	0x27C
md_SC05_027	extracted/retail/SC05.CD.dir/FILE_027.dir/2.1	0x801ED988	0x28
md_SC05_028	extracted/retail/SC05.CD.dir/FILE_028.dir/2.1	0x801ED988	0x14
md_SC05_029	extracted/retail/SC05.CD.dir/FILE_029.dir/2.1	0x801ED988	0x14
